Lab-ID,Samptype,Fca43,Fca43,Fca57,Fca57,Fca77,Fca77,Fca90,Fca90,Fca96,Fca96,Fca132,Fca132,Fca559,Fca559,Fca176,Fca176,Fca35,Fca35,Lc109,Lc109,Fca391,Fca391,Fca08,Fca08,Fca82,Fca82,Fca149,Fca149,PcoA208,PcoA208,PcoB10,PcoB10,PcoC112,PcoC112,PcoB210,PcoB210,PcoC108,PcoC108,Sex,Sex
Pan19-S75,1,126,140,150,150,128,140,93,93,203,203,182,182,115,131,223,255,0,0,184,194,195,203,128,148,0,0,141,143,185,193,0,0,161,161,154,154,121,121,250,250
Pan19-S105,1,126,126,150,152,128,140,93,105,203,203,166,186,119,119,223,243,122,126,178,184,195,203,128,164,268,268,135,135,183,195,210,218,153,161,154,168,121,121,250,250
Pan19-S129,2,0,0,0,0,0,0,93,105,0,0,166,186,0,0,0,0,0,0,0,0,195,203,0,0,0,0,0,0,0,0,0,0,161,161,154,154,121,121,250,250
Pan19-S131,1,126,126,150,152,128,140,93,105,203,203,166,186,119,119,223,243,122,126,178,184,195,203,128,164,268,268,135,135,183,195,210,218,153,161,154,168,121,121,250,250
Pan19-S135,1,126,140,150,152,128,140,93,105,203,203,178,186,0,0,223,223,122,126,0,0,195,203,128,158,0,0,135,135,183,195,0,0,157,157,154,168,121,121,250,250
Pan19-S167,2,0,0,150,150,0,0,0,0,203,203,0,0,0,0,0,0,0,0,0,0,0,0,0,0,0,0,0,0,0,0,0,0,0,0,154,154,121,121,250,250
Pan19-S178,2,126,126,150,150,0,0,0,0,0,0,0,0,0,0,0,0,0,0,0,0,0,0,0,0,0,0,135,135,195,195,0,0,0,0,154,154,121,121,204,250
Pan19-S200,2,126,126,150,152,0,0,93,93,0,0,0,0,0,0,223,223,122,126,0,0,0,0,0,0,0,0,0,0,0,0,0,0,157,161,154,154,121,121,250,250
Pan19-S208,2,126,126,0,0,0,0,93,105,0,0,0,0,0,0,0,0,122,122,0,0,0,0,0,0,0,0,135,143,0,0,0,0,157,161,0,0,121,121,250,250
Pan19-S209,1,0,0,150,152,128,140,93,93,203,203,178,184,107,107,0,0,122,122,0,0,0,0,148,148,264,264,135,135,195,195,204,218,157,161,154,154,121,121,250,250
Pan19-S211,1,126,140,150,152,128,128,93,93,195,197,178,186,115,115,223,223,126,126,184,194,195,203,162,164,266,266,135,135,187,195,218,218,157,161,154,154,121,121,250,250
Pan19-S223,1,126,126,150,152,128,140,0,0,203,203,0,0,119,119,223,233,126,126,0,0,0,0,128,162,0,0,135,135,195,195,200,200,153,157,154,154,121,121,250,250
Pan19-S225,2,126,140,150,152,128,140,93,105,203,203,168,180,0,0,223,223,122,122,0,0,195,195,0,0,0,0,135,143,0,0,0,0,157,161,154,154,121,121,250,250
Pan19-S230,1,126,126,152,152,128,128,93,93,203,203,178,190,119,119,223,223,126,126,0,0,203,203,158,162,266,266,135,135,195,197,200,218,153,161,154,154,121,121,204,250
Pan19-S231,2,126,126,152,152,128,128,93,93,197,203,0,0,119,119,0,0,126,126,184,184,203,203,0,0,0,0,0,0,195,197,200,218,153,161,0,0,121,121,204,250
Pan19-S233,1,126,126,152,152,128,140,93,105,203,203,186,188,115,119,223,243,122,122,178,184,195,203,162,164,262,268,135,135,183,187,218,218,157,161,154,154,121,121,204,250
Pan19-S234,1,126,126,150,152,128,140,93,93,203,203,178,186,119,119,223,243,122,126,178,184,195,203,162,164,268,268,135,135,183,187,200,218,153,161,154,168,121,121,204,250
Pan19-S236,1,126,140,150,150,140,140,93,105,203,203,182,190,0,0,0,0,122,126,184,194,183,203,148,162,264,264,135,141,187,195,210,218,153,161,154,154,121,121,250,250
Pan19-S237,2,0,0,150,150,0,0,93,105,0,0,182,182,0,0,223,223,122,126,0,0,0,0,0,0,0,0,141,141,0,0,0,0,153,161,0,0,121,121,250,250
Pan19-S238,1,126,140,150,150,140,142,93,93,203,203,178,182,0,0,223,223,122,122,180,194,183,191,148,148,264,264,135,143,183,195,200,210,153,161,154,154,121,121,204,250
Pan19-S272,2,126,140,0,0,0,0,93,93,0,0,0,0,0,0,0,0,122,122,0,0,0,0,0,0,0,0,0,0,0,0,0,0,0,0,154,154,121,121,250,250
Pan19-S273,1,140,140,150,152,140,140,93,93,197,203,178,182,115,115,223,255,122,122,184,184,183,187,128,162,0,0,143,143,183,195,218,218,157,161,154,154,121,121,250,250
Pan19-S281,1,126,126,150,152,128,140,93,93,193,195,166,166,115,119,0,0,122,122,0,0,183,191,162,162,264,266,135,135,195,195,0,0,161,161,154,154,121,121,250,250
Pan19-S284,1,140,140,150,152,140,140,93,93,197,203,178,182,115,115,223,255,122,122,184,184,183,187,128,162,268,268,143,143,183,195,218,218,157,161,154,154,121,121,250,250
Pan19-S299,1,126,140,150,152,128,128,93,93,203,203,178,186,119,119,233,243,122,126,184,184,183,203,164,164,0,0,135,135,183,195,214,214,153,161,168,170,121,121,204,250
Pan19-S308,2,0,0,0,0,0,0,0,0,0,0,0,0,0,0,0,0,0,0,0,0,0,0,0,0,0,0,0,0,0,0,0,0,161,161,154,154,121,121,250,250
Pan19-S315,1,126,126,152,152,128,128,93,93,203,203,178,190,119,119,223,223,126,126,184,184,203,203,158,162,0,0,135,135,195,197,200,218,153,161,154,154,121,121,204,250
Pan19-S331,1,126,140,150,152,128,140,93,93,203,203,186,188,111,123,223,243,122,122,178,188,189,195,164,164,0,0,135,143,195,195,210,218,153,157,154,154,121,121,204,250
Pan19-S334,1,126,140,150,150,128,140,93,93,203,203,0,0,111,119,0,0,122,126,178,184,191,191,148,148,0,0,135,135,191,195,200,200,161,161,154,154,121,121,250,250
Pan19-S335,2,0,0,150,150,0,0,0,0,0,0,0,0,0,0,0,0,122,126,178,184,0,0,0,0,0,0,135,135,191,195,0,0,153,161,154,154,0,0,204,250
Pan19-S338,1,140,140,150,152,140,142,93,93,203,203,0,0,111,123,223,247,126,126,178,178,191,195,148,160,262,262,135,143,183,191,200,204,161,161,154,154,115,121,204,250
Pan19-S340,2,0,0,152,152,0,0,0,0,203,203,0,0,0,0,223,243,122,126,0,0,0,0,0,0,0,0,0,0,0,0,200,210,161,161,0,0,0,0,250,250
Pan19-S342,2,0,0,150,150,0,0,93,93,203,203,0,0,0,0,0,0,122,122,184,184,0,0,0,0,0,0,135,135,0,0,0,0,161,161,0,0,0,0,0,0
Pan19-S344,1,126,140,150,150,128,140,93,109,203,203,178,182,119,119,223,223,122,126,178,184,195,203,158,162,266,268,135,135,183,187,200,200,153,161,154,154,121,121,250,250
Pan19-S346,2,0,0,150,152,0,0,0,0,203,203,0,0,119,123,0,0,0,0,0,0,0,0,0,0,0,0,0,0,0,0,0,0,161,161,154,154,0,0,0,0
Pan19-S347,1,126,126,150,152,128,128,93,105,203,203,178,182,119,119,235,245,122,126,184,184,0,0,128,148,0,0,135,135,187,195,200,214,153,161,154,170,0,0,250,250
Pan19-S349,2,0,0,152,152,0,0,0,0,0,0,0,0,0,0,0,0,0,0,0,0,0,0,0,0,0,0,0,0,0,0,0,0,0,0,154,154,0,0,204,250
Pan19-S351,2,0,0,150,152,0,0,0,0,0,0,0,0,0,0,0,0,126,126,0,0,0,0,0,0,0,0,135,135,0,0,0,0,153,161,0,0,121,121,204,250
Pan19-S353,2,120,120,0,0,0,0,93,93,0,0,0,0,0,0,0,0,126,126,0,0,0,0,0,0,0,0,135,141,183,195,0,0,153,161,154,154,0,0,204,250
Pan19-S355,2,126,126,150,150,0,0,0,0,0,0,0,0,111,119,0,0,122,122,0,0,0,0,0,0,0,0,0,0,0,0,0,0,161,161,154,154,0,0,0,0
Pan19-S361,2,0,0,150,150,0,0,0,0,201,201,0,0,0,0,0,0,126,126,0,0,0,0,0,0,0,0,135,135,0,0,210,210,153,157,154,154,0,0,250,250
Pan19-S373,2,140,142,150,152,128,128,93,93,203,203,0,0,119,119,0,0,122,122,0,0,0,0,148,164,0,0,135,143,0,0,218,218,157,161,154,154,121,121,204,250
Pan19-S375,1,126,140,150,150,128,128,105,105,203,203,0,0,0,0,223,223,122,126,0,0,0,0,148,160,268,268,135,135,195,195,200,210,157,157,154,168,121,121,250,250
